x2,state,current_status,state_summary,source_of_action,hyperlink_to_source_not_included_in_state_summary_row,date_of_issue,effective_date,expiration_date,expired_replaced,remote_hearings_allowed_in_non_emergency_civil_cases,applies_to_eviction_cases_directly,applies_to_civil_cases_which_should_include_eviction_cases,applies_to_commercial_eviction_directly,applies_to_foreclosure_or_foreclosure_eviction_cases_directly,exempts_criminal_activity_damage_to_property_emergency_nuisance_from_eviction_freeze,only_applies_to_certain_eviction_cases,if_limited_to_certain_eviction_cases_the_freeze_only_applies_to_these_cases_stage_in_the_process,tolls_extends_or_stays_court_deadlines,date_to_which_deadlines_are_tolled,suspends_all_five_stages_of_eviction_notice_filing_hearing_ruling_execution,x1_suspends_notice_of_eviction_to_tenant,x2_suspends_filing_of_eviction_claim,x3_suspends_hearings_on_eviction,x4_stays_order_judgment_or_writ_of_eviction,x5_suspends_enforcement_of_new_order_of_eviction,prohibits_issuance_of_late_fees_to_landlord,requires_certification_that_property_is_not_covered_under_cares_act_moratorium,brief_summary_of_what_order_does,na,na_2,na_3,na_4,na_5,na_6,na_7,na_8,na_9,na_10,state_field
3,ALABAMA (AL) SUMMARY,Civil Cases & Eviction Enforcement Suspended,"The Governor suspended enforcement of all eviction orders. Alabama has also suspended in-person civil cases throughout the state, which should apply to evictions and foreclosures, although it does allow remote proceedings. Cities/counties in the state have shied away from explicitly addressing evictions. However, several utility companies have announced that they will not suspend services to customers during the crisis in Birmingham, Decatur, Mobile, and Piedmont.",Court,,,,4/30/20,N,Y,N,Y,N,N,N/A,N/A,N/A,Y,4/30/20,N,N,N,Local Discretion,N,Y,N/A,N,,NA,NA,NA,NA,NA,NA,NA,NA,NA,NA,ALABAMA
9,ALASKA (AK) SUMMARY,COVID-19 Related Eviction Cases Suspended,"On March 13, the State Supreme Court placed a moratorium on all non-emergency cases including most civil cases, which implicitly applied evictions. This was made explicit by an administrative order issued by the Presiding Judges of four judicial districts in Alaska, which stated that all eviction hearings woiuld be suspended during the duration of general civil case moratorium and gave judges discretion to stay issued eviction orders due to sickness, quarantine, or self-quarantine during the coronavirus crisis. On April 24, the Court resumed evictions not covered under the Governor's executive order or the CARES Act moratorium. The Governor also announced an executive order that would suspend evictions for tenants who recieve rental assistance through the Alaska Housing Finance Corporation, as well as directing the AHFC to suspend foreclosures and evictions. Some localities have suspended utility and water shutoffs. In April, the legislature suspended any statute that would give a cause of action for evictions or foreclosures, but only as it applies to tenants or mortgagees experiencing financial hardship due to COVID-19. The legislation also suspended utility disconnection due to COVID-19 hardship and provided homeless prevention funding.",Court,,,,open,N,N,Y,Y,N,Y,Y,Y,Non-payment related to COVID-19,Y,5/1/20,N,N,Y,Y,N,Local Discretion,N,N,,NA,NA,NA,NA,NA,NA,NA,NA,NA,NA,ALASKA
16,ARIZONA (AZ) SUMMARY,COVID-19 Related Eviction Cases Suspended,"The Governor has issued a stay on executing all evictions statewide for tenants who can show 1) that they have suffered a substantial loss of income due to COVID-19, 2) that they or a family member have been ordered to stay in quarantine by a medical professional, or 3) that they have a health condition that makes them more at risk to COVID-19. Evictions proceedings are managed by each Superior Court at the local level. So while evictions actions can't be executed, they can still be filed and managed in court. However, Mohave County Court has allowed judges to delay eviction cases if needed. In Phoenix, all city-owned housing is prohibited from evicting tenants. The state supreme court has tolled all eviction deadlines to 5/1/20.",Court/Governor,,,,7/22/20,N,N,Y,Y,Y,N,N,Y,Non-payment related to COVID-19,Y,5/1/20 (specifically tolls time in the eviction procedure rules),N,N,N,Local Discretion,N,COVID-19 Related,N,,,NA,NA,NA,NA,NA,NA,NA,NA,NA,NA,ARIZONA
24,ARKANSAS (AR) SUMMARY,Civil Cases Suspended,"Arkansas has suspended all in-person proceedings, subject to exceptions that don't include eviction, but has urged judges to conduct matters that they can remotely.",Court,,,,5/15/20,N,Y,N,Y,N,N,N/A,N/A,N/A,N,not exactly but states that filing extensions will be granted if the length is reasonable and if the extension relates to the pandemic,N,N,N,Local Discretion,N,N,N,Y,,NA,NA,NA,NA,NA,NA,NA,NA,NA,NA,ARKANSAS
31,CALIFORNIA (CA) SUMMARY,Eviction Cases & Enforcement Suspended,"The Judicial Council of California adopted emergency rules preventing the issuance of summons and the entry of default in all foreclosure and eviction cases, including commercial, unless there is a threat to public health. The rules also postpone trials for at least 60 days. The Governor has issued an executive order banning the enforcement of eviction orders, and tolling response time for new eviction complaints, for renters affected by COVID-19 through May 31, 2020. This order still allows for local governments to pass their own stricter eviction bans. Since the Governor had previously issued an order giving local governments authority to halt evictions, slow foreclosures, and protect against utility shutoffs, several local governments have adopted coronavirus-specific eviction restrictions. Most of these require tenants to provide documentation to verify that they are unable to pay rent due to financial impacts related to COVID-19. Many county superior courts are tolling deadlines via emergency order.",Court/Governor,,,,end of pandemic,N,Y,Y,Y,Y,Y,Y,Y,N/A,Y,Deadline for tenant to file a response in an eviction case is extended from 5 days to 60 days; all deadlines that would have expired between March 20 and April 20 are extended by 30 days,N,N,N,Y,N,COVID-19 Related,N,N,,NA,NA,NA,NA,NA,NA,NA,NA,NA,NA,CALIFORNIA
38,COLORADO (CO) SUMMARY,Eviction Cases & Enforcement Suspended,"Colorado's Governor issued an executive order that prohibits enforcement of evictions and filing of eviction cases for nonpayment of rent. The order also prohibits late fees. It extends provisions of an earlier order that direct certain departments to work with landlords and banks to find lawful means of avoiding evictions, as well as asks sheriffs and other local enforcement to avoid executing evictions. The governor has also directed that some foreclosure sale deadlines are extended to April 30, and treasurers are authorized to waive delinquent interest on delinquent property tax payments. Colorado's Chief Justice issued an order suspending non-essential court functions; the order gives lower court judges discretion to determine whether matters not specifically mentioned in the order (which evictions are not) should be heard. Nearly all judicial districts and several counties have issued orders continuing most civil matters or ordering them to be done via teleconference. Sheriffs in the city of Denver are not executing orders of eviction. Finally, several utilities providers in Colorado have suspended shutoffs; several towns and cities have asked providers to do the same or else said that they will not disconnect service.",Court/Governor,,,,5/30/20,Y,Y,Y,Y,Y,Y,N/A,N,N/A,N,,N,N,In Effect Y,Local Discretion,N,Y,Y,,,NA,NA,NA,NA,NA,NA,NA,NA,NA,NA,COLORADO
47,CONNECTICUT (CT) SUMMARY,Eviction Cases & Enforcement Suspended,"Per the Governor's order, eviction notices may not be issued to any tenant until July 1. Tenants have a 60-day grace period to pay April rent, and may request an additional 60-day grace period for May rent if they are facing financial hardship due to COVID-19. The Chief Administrative Judge for Civil Matters has announced that execution of evictions is stayed through May 1, and foreclosure sales scheduled for March-May will take place in June. Further, during the time period when only Priority One cases are being heard by the court, all civil trials are suspended. The Governor has also suspended all statutory deadlines relating to the issuance of civil judgments. There is a 30-day utility shutoff moratorium in place as of March 13 and subject to renewal. The Governor announced on 3/31/20 that the state had reached a deal with over 50 credit unions and banks to delay mortgage payments for 90 days.",Court/Governor,,,,5/1 (court); end of public health emergency 7/1/20  (governor)',N,N,Y,Y,N,Y,N,N,N/A,Y,Suspends all statutory time limits for judges to hear cases/make decisions in civil actions,Y,Y,Y,Y,Y,Y,N,N,,NA,NA,NA,NA,NA,NA,NA,NA,NA,NA,CONNECTICUT
54,DELAWARE (DE) SUMMARY,Eviction Cases & Enforcement Suspended,"Governor John Carney issued a comprehensive executive order establishing moratoriums for evictions, foreclosures, and utility shutoffs during the duration of the Covid-19 crisis. The order prevents new filings, tolls deadlines in pending cases until 31 days after the emergency ends, and prevents execution of issued judgments, and prohibits landlords from charging late fees. It also prevents new foreclosure actions, tolls deadlines in ongoing foreclosure cases, and prevents sheriff sales and the execution of writs of possession until 31 days after the emergency ends. The Justice of the Peace Court has also ordered that all landlord/tenant cases and ordered/scheduled evictions between March 17 and April 16 be delayed until after May 1, with exceptions for ""landlord-tenant matters involving essential services and/or harm to persons or property.""",Court/Governor,,,,5/14/20 or end of emergency,N,Y,Y,Y,N,N,Y,N,N/A,Y,Deadlines in ongoing eviction and foreclosure proceedings are tolled to no sooner than 31st day after state of emergency ends,N,N,Y,Y,N,Y,N,N,,NA,NA,NA,NA,NA,NA,NA,NA,NA,NA,DELAWARE
62,FLORIDA (FL) SUMMARY,COVID-19 Related Eviction Cases Suspended,"On April 2, Governor DeSantis suspended statutes giving a cause of action for eviction related to COVID19 and foreclosure for 45 days. The Florida Supreme Court suspended the requirement for the clerk to issue writs of possession ""forthwith"" until May 29th.",Court/Governor,,,,5/10/20 (governor); 5/29/20 (court),N,Y,Y,Y,N,Y,N,Y,Non-payment related to COVID-19,Y,"requirement for writ of possession to be issued ""forthwith"" is suspended through 4/17",N,N,In Effect Y,In Effect Y,N,N,N,,,NA,NA,NA,NA,NA,NA,NA,NA,NA,NA,FLORIDA
69,GEORGIA (GA) SUMMARY,Local Discretion,"Georgia's Supreme Court has issued guidance that courts are to prioritize essential functions from March 14, 2020 to April 13th, 2020 and conduct video proceedings wherever possible. Each circuit, municipal and magistrate court had a slightly different version and date range for adopting this ruling.",Court,,,,5/13/20,N,Y,N,Y,N,N,N/A,N/A,N/A,Y,5/13/20,N,N,N,N,N,N,N,N,,NA,NA,NA,NA,NA,NA,NA,NA,NA,NA,GEORGIA
74,HAWAII (HI) SUMMARY,Civil Cases & Eviction Enforcement Suspended,"The governor has issued an order suspending laws that allow for terminating tenancies and filing/prosecuting eviction actions for nonpayment of rent. The Hawaii Department of Public Safety Sheriff Division is suspending all eviction activities. Hawaii's Chief Justice issued an order presumptively suspending all civil hearings, including landlord-tenant matters, until after April 30. Most circuits have issued orders postponing all civil matters or in-person conferences ""[e]xcept for civil proceedings deemed urgent by the presiding judge."" The governor's office and the Public Utilities Commission are working with utility companies. Honolulu's Board of Water Supply will not shut off water service. And several utilities companies have announced that they will not shut off service due to nonpayment.",Court/Governor,,,,open (sheriff) 5/31/20 (governor),Y,Y,Y,Y,N,N,N,N,N/A,N,,N,Y,Y,Y,N,Y,N,N,,NA,NA,NA,NA,NA,NA,NA,NA,NA,NA,HAWAII
80,IDAHO (ID) SUMMARY,Resumed Evictions,"Idaho had a statewide order directing that eviction cases be continued except for emergencies. However, on April 22nd, the Supreme Court issued an order resuming all hearings remotely, effective May 1st. Some counties have moved to reduced operations in the court system, and are therefore hearing a limited number of cases that don't include eviction cases. 3 private companies have promised to suspend utility shutoffs.",Court,,,,open,N,Y,N,Y,N,N,Y,N,N/A,N,N/A,N,N,N,N,N,N,N,Y,,NA,NA,NA,NA,NA,NA,NA,NA,NA,NA,IDAHO
88,ILLINOIS (IL) SUMMARY,Eviction Enforcement Suspended,"The Governor of Illinois issued an ""order ceasing evictions"" that stated: ""all state, county and local law enforcement officers in the State of Illinois are instructed to cease enforcement of orders of eviction for residential premises for the duration of the Gubernatorial Disaster Proclamation."" The State Supreme Court has directed lower courts to keep fulfilling essential functions, but to delay or schedule remote hearings for non-essential matters. Local courts may also suspend deadlines.",Court/Governor,,,,duration of public health emergency,N,Y,Y,Y,N,N,N,N,N/A,Y,allows courts to suspend deadlines/procedures for a period ending no later than 30 days after end of emergency,N,N,N,Local Discretion,N,Y,N,N,,NA,NA,NA,NA,NA,NA,NA,NA,NA,NA,ILLINOIS
94,INDIANA (IN) SUMMARY,Eviction Cases Suspended,"Governor Eric Holcomb ordered that evictions and foreclosure actions/proceedings may not be brought March 19, 2020 until the executive order declaring a state of emergency in Indiana is halted by the governor. The Supreme Court of Indiana issued clarifying guidance that filings are still being accepted, and urging courts to consider public health, safety, and property values when using their discretion to decide whether to stay non-emergency proceedings. The governor's order also requests that public housing authorities extend deadlines for housing assistance recipients or applicants. Finally, each circuit and superior court in Indiana has issued a slightly different version suspending most civil proceedings although none of these applied explictly to eviction proceedings or foreclosures. The majority of districts suspended all civil hearings from 2 weeks up to 1.5 months while the minority of districts suspended only in person hearings/civil jury trials but allowed for teleconferencing or alternative methods for continuing non-essential business. Indiana has also placed a statewide moratorium on utility shut-offs and individual companies have announced that they will further suspend shutoffs.",Court/Governor,,,,duration of public health emergency,N,Y,Y,Y,N,Y,N,N,N/A,Y,5/4,N,Y,Y,Local Discretion,N,N,N,N,,NA,NA,NA,NA,NA,NA,NA,NA,NA,NA,INDIANA
101,IOWA (IA) SUMMARY,Eviction Cases & Enforcement Suspended,"Governor Kim Reynolds has issued three orders suspending statutory provisions that allow plaintiffs to bring eviction and foreclosure actions for the duration of the public health proclamation (currently until 5/27/20). The state Supreme Court has directed that forcible entry and detainer proceedings should either be continued to a date after June 15th, or conducted by phone at a local court's discretion. Utilities are not allowed to be shut off under state order until May 13th.",Court/Governor,,,,open (court); 4/16/20 (governor),N,Y,Y,Y,N,Y,Y,N,N/A,Y,6/1/2020 (statutes of limitations),N,Y,In Effect Y,Local Discretion,N,N,N,N,,NA,NA,NA,NA,NA,NA,NA,NA,NA,NA,IOWA
109,KANSAS (KS) SUMMARY,COVID-19 Related Eviction Cases Suspended,"Governor Laura Kelly has declared that eviction and foreclosure proceedings cannot be brought as a result of nonpayment due to financial hardship related to COVID-19; if an eviction is filed, the plaintiff must prove that it's not being brought only because of such financial hardship. Courts in Kansas are conducting only essential functions in person, which do not appear to include evictions and foreclosures; however, the court states that nonessential functions may still move forward to the extent local resources allow.",Court/Governor,,,,5/31 or end of public health emergency (governor); open (court),N,Y,Y,Y,N,Y,N,Y,Non-payment related to COVID-19,Y,until further order,N,Y,Y,N,N,N,N,N,,NA,NA,NA,NA,NA,NA,NA,NA,NA,NA,KANSAS
117,KENTUCKY (KY) SUMMARY,Eviction Cases & Enforcement Suspended,"Governor Andy Beshear has stated that evictions are suspended, and has directed state law enforcement officers not to enforce eviction orders for residential premises for the duration of the statewide emergency. Under the State Supreme Court's order, except for emergency and statutorily required proceedings, evictions are continued and new evictions cannot be filed until 30 days after the expiration of the order. The state's Public Service Commission announced on March 16, that it would order all utilities under its jurisdiction to stop shut-offs for non-payments and late payments for at least thirty days.",Court/Governor,,,,5/31/20 (court); end of public health emergency (governor),N,N,Y,Y,N,N,Y,N,N/A,N,,N,N,Y,Y,N,Y,N,N,,NA,NA,NA,NA,NA,NA,NA,NA,NA,NA,KENTUCKY
125,LOUISIANA (LA) SUMMARY,Eviction Cases Suspended,"Governor John Bel Edwards signed an Executive Order that suspends deadlines in all legal proceedings in all courts until at least May 15, 2020. This applies to eviction proceedings. Moreover, the Louisiana Supreme Court has ordered that all civil trials, hearings and appearances between 3/16/20 and 5/18/20 be rescheduled for a later date, unless the civil proceeding is considered ""essential."" Eviction proceedings are explicitly excluded from hearings that can be held remotely and are not listed on the narrow list of ""essential"" civil proceedings.",Court/Governor,,,,5/18/20,N,N,N,Y,N,N,N,N,N/A,Y,5/15/20,N,N,N,Y,N,N,N,N,,NA,NA,NA,NA,NA,NA,NA,NA,NA,NA,LOUISIANA
132,MAINE (ME) SUMMARY,Eviction Cases & Enforcement Suspended,"Maine's Judicial Branch ordered that effective on March 18, 2020 through May 1, 2020, all evictions and foreclosures are suspended; previously scheduled cases will not be heard and new cases will not be scheduled for a hearing until May 1. Governor Mills issued an order prohibiting writs of restitution from being executed except in cases of imminent risk of harm or criminal activity, and extending the time by which a notice has to be given to terminate a tenancy at will. The state also issued a statewide moratorium on utility shutoffs. No specific courts, cities, or counties are known to have made separate or additional orders to supplement the statewide order. To our knowledge, tolling has not been suspended in the state of Maine.",Court,,,,5/30/20,Y,N/A,Y,Y,N,Y,Y,N,Non-payment,N,N/A,N,N,N,Y,N,Y,N,N,,NA,NA,NA,NA,NA,NA,NA,NA,NA,NA,MAINE
138,MARYLAND (MD) SUMMARY,Eviction Cases Suspended,"Maryland has both gubernatorial and court orders staying evictions; the governor's order states that evictions should not issue if the tenant is subject to financial hardship due to COVID-19, while the State Supreme Court order is broader and stays pending evictions and foreclosure cases without this condition.The state has suspended utility shutoffs. Almost all (but not all) counties have also issued orders to sheriffs directing them not to enforce any eviction orders. Many counties have also stayed commercial evictions, subject to emergency motion arguing the stay presents an undue burden.",Court/Governor,,,,end of public health emergency (governor/court),N,N,Y,Y,Y,Y,N,N,N/A,Y,"Tolled by number of days courts are closed to public, plus time that Chief Judge will order when emergency is terminated",N,N,N,Y,Y,N,N,,,NA,NA,NA,NA,NA,NA,NA,NA,NA,NA,MARYLAND
154,MASSACHUSETTS (MA) SUMMARY,Eviction Cases & Enforcement Suspended,"The Massachusetts legislature passed, and the governor signed, a model COVID-19 eviction moratorium on April 17, 2020. The emergency legislation will be in effect until 45 days after the governor's emergency declaration ends, or for 120 days, whichever is sooner. It freezes all five stages of evictions, applies to commercial, residential real estate and foreclosure. Landlords would be prohibited from terminanting a tenancy and giving tenants a notice to quit. In addition, landlords and mortgagors are prohibited from issuing late fees and reporting to credit agencies where a nonpayment is due to COVID-19 financial hardship. Currently, the State-Level housing court order suspends eviction and/or foreclosure cases and prevents new judgments from being issued until May 4. Deadlines are also tolled until that date.",Court/Legislation,,,,"45 days after end of public health emergency or 120 days after effective date, whichever shorter",Y,Y,Y,Y,N,Y,Y,N,N/A,Y,deadlines tolled until June 1 + number of days left until deadline was set to expire as of March 16th,N,Y,Y,Y,Y,Y,Y,,,NA,NA,NA,NA,NA,NA,NA,NA,NA,NA,MASSACHUSETTS
164,MICHIGAN (MI) SUMMARY,Eviction Cases Suspended,"Governor Gretchen Whitmer's order suspends service of process and execution of eviction orders unless the tenant poses a ""risk to another person or an imminent and severe risk to property."" Michigan's courts may still hear existing civil cases remotely. Court deadlines and deadlines to commence civil actions are tolled. Property owners must submit verification that the property is exempt from the federal CARES Act moratorium.",Court/Governor,,,,5/15/20 (governor); open (court),N,Y,Y,Y,N,N,Y,N,N/A,Y,duration of public health emergency,N,Y,Y,N,In Effect Y,Y,N,Y,,NA,NA,NA,NA,NA,NA,NA,NA,NA,NA,MICHIGAN
176,MINNESOTA (MN) SUMMARY,Eviction Cases & Enforcement Suspended,"On March 23, Governor Walz issued Emergency Executive Order 20-14 suspending evictions starting March 24 at 5:00 p.m., except for emergency cases. On March 24, the Chief Justice amended the March 20 order to conform to the executive order. The Chief Justice had initially suspended all non-high priority district court proceedings through 3/30, before issuing a more comprehensive case management plan that allowed non-emergency eviction cases to proceed remotely.",Court/Governor,,,,open (court); end of public health emergency (governor),N,Y,Y,Y,N,Y,Y,N,N/A,N,,N,In Effect Y,In Effect Y,Y,N,Y,N,N,,NA,NA,NA,NA,NA,NA,NA,NA,NA,NA,MINNESOTA
184,MISSISSIPPI (MS) SUMMARY,Eviction Enforcement Suspended,"The Governor suspended all residential evictions throughout the duration of the shelter in place order, which expires on 4/20/20. Residences covered by the order include single family homes, hotels, rental units, shelters, mobile home parks, and similar facilities used as an individual's principal dwelling. The State Supreme Court has directed local courts to determine their own court operations, although it has urged them to limit in-person proceedings. Most courts are still operating, and none clearly limit evictions. Hancock and DeSoto Justice Courts order that eviction proceedings continue to take place.",Court,,,,open,N,N,Y,Y,N,N,N/A,N/A,N/A,Local Discretion,,N,N,N,Local Discretion,N,Y,N,N,,NA,NA,NA,NA,NA,NA,NA,NA,NA,NA,MISSISSIPPI
191,MISSOURI (MO) SUMMARY,No Order/Declaration - Resumed Court Proceedings,A statewide order suspends in-person proceedings subject to some exceptions that do not include eviction or foreclosure cases. The Supreme Court issued an operational directive related to reopening the courts to the public.  Several judicial circuits have issued their own orders postponing these cases and directing that they be rescheduled. The mayor of St. Louis has directed the water authority not to shut off water through 5/15; and St. Louis has specifically suspended evictions.,Court,,,,open,N,Y,N,Y,N,N,N/A,N/A,N/A,Local Discretion,judges presiding over civil cases may waive non-statutorily imposed court deadlines for good cause shown,N,N,N,In Effect Y,N,N,N,,,NA,NA,NA,NA,NA,NA,NA,NA,NA,NA,MISSOURI
197,MONTANA (MT) SUMMARY,COVID-19 Related Eviction Cases Suspended,"Montana Governor Steve Bullock issued an order on March 30th prohibiting landlords from terminating a lease or refusing to renew/ extend the terms of a current lease agreement, at least on a month-to-month basis. This order was extended through April 24th but also significantly limited. The new order provides for a rental assistance program, but limits the eviction protections of the first order to tenants under quarantine, self-quarantine, or experiencing loss of inclome due to COVID-19.The governor's order also prohibits suspension of utilities during the emergency, including electricity, gas, sewage disposal, water, telephone, or internet services, and prohibits late fees for bills due. The Supreme Court of Montana supsended all civil cases.",Court/Governor,,,,4/24/20,,Y,Y,Y,N,Y,Y,N,N/A,N,,N,Y,Y,Local Discretion,Y,Y,Y,N,,NA,NA,NA,NA,NA,NA,NA,NA,NA,NA,MONTANA
204,NEBRASKA (NE) SUMMARY,COVID-19 Related Eviction Cases Suspended,"Governor Pete Ricketts has signed Executive Order 20-07, which defers a landlord's ability to proceed to trial in an eviction action if tenant can prove that unpaid rent is related to COVID-19 loss of income or missed work due to school closures. Beyond this narrow deferral of evictions, courts at the District and County levels determine whether to proceed with civil proceedings, including eviction proceedings.",Governor,,,,5/31/2020,N,N/A,Y,N/A,N,N,Y,Y,Non-payment related to COVID-19,N,N/A,N,N,N,Y,N,N,N,N,,NA,NA,NA,NA,NA,NA,NA,NA,NA,NA,NEBRASKA
207,NEVADA (NV) SUMMARY,Eviction Cases & Enforcement Suspended,"Governor signed an Executive Order on 3/29 that halts eviction proceedings for the duration of the state of emergency, except for eviction judgments that predate the March 12th state of emergency declaration. On 3/31, the Supreme Court responded to the Governor's Executive Order by halting the consideration of most eviction matters. The Governor's order also prohibits late fees for nonpayment.",Court/Governor,,,,until state of emergency terminates,N,N/A,Y,N/A,Y,Y,Y,N,N/A,N,N/A,N,Y,Y,Y,Y,N,Y,N,,NA,NA,NA,NA,NA,NA,NA,NA,NA,NA,NEVADA
210,NEW HAMPSHIRE (NH) SUMMARY,Eviction Cases & Enforcement Suspended,The Governor's office signed an emergency order halting eviction and foreclosure proceedings during the crisis. The order excludes evictions for lease or law violations that result in substantial damage to the property or substantial adverse impact on the health and safety of other persons. It does not apply to abandonement. It preempts any local orders.,Governor,,,,5/4/2020 and/or the last day of the Declared State of Emergency,Y,Y,Y,Y,Y,Y,Y,N,N/A,Y,extended to 5/26 unless in a landlord-tenant case where there is threat of harm,Y,Y,Y,Y,Y,Y,N,N,,NA,NA,NA,NA,NA,NA,NA,NA,NA,NA,NEW HAMPSHIRE
220,NEW JERSEY (NJ) SUMMARY,Eviction Cases & Enforcement Suspended,"Governor Phil Murphy signed an Executive Order on 3/19 that halts removals of residents pursuant to evictions or foreclosure proceedings. The EO does not halt initiation or continuation of eviction and foreclosure proceedings. In addition, the Supreme Court cancelled landlord/tenant calendars until April 26th and suspended evictions. The state senate has passed, and the state assembly is now considering, a bill that would create a temporary rental assistance program. The New Jersey Housing and Mortgage Finance Agency has suspended rent increases at eligible facilities until the governor's order declaring a state of emergency is withdrawn (and after this there must be 30 days notice). The Assembly is also considering a bill that would require forbearance of residential and commercial mortgages, as well as other loans, and tenant rent upon request.",Court/Governor,,,,"Two months after the date of the end of the Public Health Emergency or the State of Emergency, whichever ends later, unless this Order is first revoked or modified (governor); open (court)",N,Y,Y,Y,Y,Y,N,N,N/A,Y,"Landlord/tenant calendars suspended until April 26, 2020",N,N,N,Y,Y,Y,N,N,,NA,NA,NA,NA,NA,NA,NA,NA,NA,NA,NEW JERSEY
231,NEW MEXICO (NM) SUMMARY,Eviction Enforcement Suspended,"The New Mexico Supreme Court has stayed the execution of writs of restitution for nonpayment of rent under NMSA 1978, Section 47-8-46 (A) if the resident has demonstrated by a preponderance of the evidence a current inability to pay rent. The New Mexico Supreme Court has also stayed the execution of writs of restitution for mobile homes. Two major cities in New Mexico have taken action: (1) Santa Fe: The mayor has placed a moratorium on evictions for non-payment of rent for tenants who can't afford to pay because of the pandemic. Water shut-offs are also banned. Collection of lodger’s taxes has been delayed, and all public buses are free; (2) Albuquerque: All evictions from city-owned properties are suspended.",Court,,,,Open,N,Y,Y,Y,N,Y,N,Y,Non-payment,N,N/A,N,N,N,N,Y,In Effect Y,N,N,,NA,NA,NA,NA,NA,NA,NA,NA,NA,NA,NEW MEXICO
237,NEW YORK (NY) SUMMARY,Eviction Cases & Enforcement Suspended,"The Chief Administrative Judge of the State of New York Unified Court System's 3/15/20 memorandum states that  ""all eviction proceedings and pending eviction orders shall be suspended statewide until further notice."" The Chief Administrative Judge had initially issued a one-week moratorium in New York City on 3/13/20. There will be no evictions of any kind, for anyone, as long as the 3/15/20 moratorium is in place. In NYC, all city marshals have been notified that they cannot execute any pre-existing warrants. Outside of NYC, law enforcement entities should have been notified by the local courts. The Governor's 3/20/20 Executive Order declared an eviction and foreclosure morotorium for 90 days.",Court/Governor,,,,Open (court); 6/18 (governor),N,N,Y,Y,Y,Y,N,N,N/A,Y,4/19/20,N,N,N,Y,Y,Y,N,N,,NA,NA,NA,NA,NA,NA,NA,NA,NA,NA,NEW YORK
246,NORTH CAROLINA (NC) SUMMARY,Eviction Cases Suspended,"The Supreme Court of North Carolina postponed ejectment and foreclosure actions, but does not explicitly stop eviction orders that were already approved.",Court,,,,Open,N,Y,Y,Y,N,Y,N,N,N/A,Y,6/1/20,N,N,N,Y,N,N,N,,,NA,NA,NA,NA,NA,NA,NA,NA,NA,NA,NORTH CAROLINA
255,NORTH DAKOTA (ND) SUMMARY,Resumed Evictions,"The North Dakota Supreme Court suspended all residential eviction proceedings until further notice. The North Dakota Supreme Court has continued to hear cases, as have lower courts in the state. Prior to the Supreme Court taking official actions, county sheriffs in Clay, Cass, Grand Forks, and Burleigh counties all had stopped enforcing evictions. Cass County, Burleigh County, and Grand Forks County are home to the state's three largest cities, respectively Fargo, Bismarck, and Grand Forks.",Court,,,,Open,N,N,Y,Y,N,N,N,N,N/A,N,N/A,N,N,N,Y,N,N,N,N,,NA,NA,NA,NA,NA,NA,NA,NA,NA,NA,NORTH DAKOTA
260,OHIO (OH) SUMMARY,Local Discretion,"The Supreme Court of Ohio tolled all court deadlines until the earlier of the end of the emergency or 7/30/20. The court also issued guidance (as opposed to an order) to local courts that suggested courts could temporarily continue eviction filings, pending eviction proceedings, scheduled move-outs, and the execution of foreclosure judgements (except in the instances where allegations of domestic violence are involved). However, the determination of how to restrict access to the court is left to local jurisdiction. Several municipal courts have ordered the suspension of evictions. Both the governor and the Supreme Court recently issued orders tolling court deadlines; in its guidance as to how this applies to evictions, the Supreme Court states, ""Nothing in the legislation or the Supreme Court’s order prevents the filing of an eviction action during the emergency period."" The Governor issued an emergency order ""requesting"" that landlords of commercial properties suspend rent payments and evictions and that lenders provide mortgage forbearance.",Court,,3/27/20,3/9/20,7/30/20,N,N,N,N,Y,N,N/A,N/A,N/A,Y,7/30/20,N,N,N,N,N,N,N,N,,NA,NA,NA,NA,NA,NA,NA,NA,NA,NA,OHIO
265,OKLAHOMA (OK) SUMMARY,Local Discretion,"The Supreme Court of Oklahoma order staying civil cases is ambigious regarding its application to eviction cases. Many county-level district courts have stayed civil cases, but explicitly exempted forcible detainer and entry proceedings. The Supreme Court has closed all courts to public and extended court deadlines and statute of limitations through 5/15/20.",Court,,,,Open,N,Y,N,Y,N,N,N/A,N/A,N/A,Y,5/15/20,N,N,N,Local Discretion,N,N,N,N,,NA,NA,NA,NA,NA,NA,NA,NA,NA,NA,OKLAHOMA
269,OREGON (OR) SUMMARY,Eviction Cases & Enforcement Suspended,"The Chief Judge of Oregon postponed all first appearances and trials for evictions, and many county circuit courts postponed all eviction related matters. The Governor of Oregon issued Executive Order No. 20-11, which places a temporary moratorium on execution of residential evictions related to non-payment; and Executive Order No. 20-13, which places a temporary moratorium on landlord terminations of residential rental agreements and non-residential leases. The Governor's order also prohibits charging late fees. Most counties and some cities have also limited the eviction moratorium to non-payment cases, and a few have extended it to no-cause evictions. Under the Chief Judge's order, while hearings and proceedings for civil cases are generally postponed, the cases with statutory or constitutional mandates requiring them to be held during the moratorium period will still continue. All judicial districts have postponed jury trials and are taking measures to limit hearings and proceedings conducted during this time.",Court/Governor,,,,6/30/20,N,Y,Y,Y,Y,N,N,Y,Non-payment,N,N/A,N,Y,Y,Y,N,Y,Y,N,,NA,NA,NA,NA,NA,NA,NA,NA,NA,NA,OREGON
275,PENNSYLVANIA (PA) SUMMARY,Eviction Cases & Enforcement Suspended,"The Governor issued an executive order preventing the filing of an eviction and tolling any evictions for 60 days until July 10, 2020. The Supreme Court of Pennysylvania initially placed a freeze on eviction proceedings and judgments through 6/1/20. Supplemental orders have extended this to 5/11/20, after which time the suspension of these proceeings ""shall cease.""",Court,,,,7/10/20,Y,N,Y,Y,N,Y,N,N,Non-payment,Y,7/10/20,Y,Y,In Effect Y,In Effect Y,Y,Y,N,,,NA,NA,NA,NA,NA,NA,NA,NA,NA,NA,PENNSYLVANIA
281,RHODE ISLAND (RI) SUMMARY,Eviction Cases Suspended,"The Rhode Island Supreme Court has issued an order stating that evictions may not be filed or heard until after 5/17. Any eviction order issued prior to 3/17/20, however, can still be executed. The Governor urged landlords not to act on eviction orders that had been previously ordered, but did not issue a declaration, stating: “If you’re a landlord listen to me. You are not evicting anyone until April 17. If you are a renter and you’re stressed out and you can’t pay rent because you’ve lost your job and you get an eviction notice, ignore it.” The state's Public Utilities Commission has issued a moratorium on utility shutoffs until 5/20 for residential customers and 3/31/20 for commercial customers. Similar measures regarding utilities have been taken at the local level in Providence, East Providence, Newport, and Warwick.",Court,,,,5/17/20,N,Y,N,Y,N,N,N/A,N/A,N/A,Y,5/29/20 (only deadlines that would have expired between 3/17 and 5/17),N,N,Y,Y,N,N,N,N,,NA,NA,NA,NA,NA,NA,NA,NA,NA,NA,RHODE ISLAND
284,SOUTH CAROLINA (SC) SUMMARY,Eviction Cases Suspended,"The Supreme Court of South Carolina issued a moratorium on all eviction and foreclosure matters. This order reschedules all evictions currently ordered to a date after 5/1/20 and prohibited courts from accepting applications for ejectment, scheduling hearings, issuing writs or warrants of ejectment, or proceeding in any other manner regarding evictions. On April 30, the court ordered that eviction and foreclosure hearings resume on May 15th. Case-by-case exceptions for evictions may be made for matters that involve essential services and/or harm to person or property prior to that date.",Court,,,,open,N,Y,Y,Y,N,Y,Y,N,N/A,N,,N,N,Y,Y,Y,N,N,Y,,NA,NA,NA,NA,NA,NA,NA,NA,NA,NA,SOUTH CAROLINA
292,SOUTH DAKOTA (SD) SUMMARY,Local Discretion,"The Supreme Court of the State of South Dakota declared a judicial emergency and authorized circuit courts to adoopt, modify or suspend court rules to prevent the spread of COVID-19. None of the circuit court orders suspend evictions or civil proceedings generally. The Governor has explicitly stated that she will not consider an eviction or utility shutoff moratorium. One of South Dakota's largest utilities provider has implemented a moratorium on service disconnections for nonpayment, as have the cities of Brookings, Rapid City and Sioux Falls. Finally, the city of Sioux Falls has established a fund to help residents adversely affected by COVID-19; the Sioux Falls Metropolitan Statistical Area (Minnehaha, Lincoln, McCook and Turner counties) has done similarly, to help residents avoid ""evictions and financial hardships.""",Court,,,,open,N,N/A,N/A,N/A,N/A,N/A,N/A,N/A,N/A,Local Discretion,,N,Local Discretion,Local Discretion,Local Discretion,Local Discretion,Local Discretion,N,N,,NA,NA,NA,NA,NA,NA,NA,NA,NA,NA,SOUTH DAKOTA
294,TENNESSEE (TN) SUMMARY,Eviction Cases Suspended,"The Supreme Court of Tennessee suspensed all judges, clerks and court officials from taking any action to effectuate an eviction, ejectment, or other displacement based on failure to make rent. The court also encouraged remote proceedings in other cases. Local courts have issued additional orders and the Davidson County's Sheriff suspended all evictions, foreclosures, and utility shutoffs until further notice.",Court,,,,5/31/20,N,Y,Y,Y,N,N,Y,Y,Non-payment,Y,6/5/20,N,N,N,Y,In Effect Y,N,N,N,,NA,NA,NA,NA,NA,NA,NA,NA,NA,NA,TENNESSEE
299,TEXAS (TX) SUMMARY,Eviction Cases & Enforcement Suspended,"The Texas Supreme Court has suspended all eviction proceedings and hearings until 4/30/20. New filings are accepted but issuances of service and citation may not occur until 4/30/20. Execution of writ of possessions may be issued but the written warning and execution may not occur until after 5/7/20 However, there are limited exceptions, evictions can proceed if the occupants ""are engaging in criminal activity"" or ""pose an imminent physical threat.""",Court,,,,open,N,Y,Y,Y,N,N,Y,N,N/A,Y,4/30/20,N,N,N,Y,Y,Y,N,N,,NA,NA,NA,NA,NA,NA,NA,NA,NA,NA,TEXAS
305,UTAH (UT) SUMMARY,COVID-19 Related Eviction Cases Suspended,"The Utah Supreme Court activated the Pandemic Response Plan and alloweed local courts to implement their own district pandemic response plans. The Utah Supreme Court ordered district courts to perform all mission-critical functions, which do not seem to include eviction proceedings and allows for remote hearings. The Governor of Utah issued and emergency declaration prohibting enforcement of eviction actions only where the tenant is current on rent payments as of 3/31/20 and has suffered job loss or lost income because of COVID-19. Where tenant's COVID-19 related nonpayment is in question, free mediation is available.",Court/Governor,,,,5/15/20 (governor) open (court),N,Y,Y,Y,N,N,N/A,Y,Non-payment related to COVID-19,N/A,N/A,N,N,N,N,N,COVID-19 Related,N,N,,NA,NA,NA,NA,NA,NA,NA,NA,NA,NA,UTAH
310,VERMONT (VT) SUMMARY,Eviction Cases Suspended,"The Supreme Court of Vermont has suspended all non-emergency civil cases, at the discretion of the judge, and the state legislature is considering emergency legislation that would create a moratorium on evictions.",Court,,,,4/15/20,N,N,Y,Y,N,N,Y,N,N/A,N,N/A,N,N,N,Y,N,N,N,N,,NA,NA,NA,NA,NA,NA,NA,NA,NA,NA,VERMONT
315,VIRGINIA (VA) SUMMARY,Eviction Cases Suspended,"The Supreme Court of Virginia continued all eviction proceedings until April 26, 2020. The Governor directed state agencies to assist Virginians in avoiding evictions and foreclosures. The Attorney General has sent warning letters to landlords thretening to evict tenants during the COVID-19 pandemic.",Court/Governor,VA_Executive_Order_033020,,,6/10/20 (governor) 5/17/20 (court),N,N,Y,Y,N,N,Y,N,N/A,Y,4/26/20,N,N,N,Y,Y,N,N,N,,NA,NA,NA,NA,NA,NA,NA,NA,NA,NA,VIRGINIA
321,WASHINGTON (WA) SUMMARY,Local Discretion,"The Governor of Washington issued a temporary moratorium on all commerical and residential evictions and prohibits law enforcement from enforcing past orders of eviction. The Governor's Proclamation provides an exception for cases where a landlord/owner can show that eviction is necessary for a public health or safety reason. Several cities and some counties took measures to expand on the Governor's original proclamation, but many of these orders have expired or will soon expire without extensions. The Governor's order also prohibits property owners from assessing late fees.",Court/Governor,,,,5/4/20 (court) 6/4/20 (governor),N,Y,Y,Y,N,N,Y,N,N/A,N,N/A,N,Y,Y,Y,N,N,N,N,,NA,NA,NA,NA,NA,NA,NA,NA,NA,NA,WASHINGTON
328,WEST VIRGINIA (WV) SUMMARY,Civil Cases Suspended,"The West Virginia Supreme Court of Appeals issued an order staying all trials, proceedings, statutes of limitations and other court deadlines for non-emergency actions between March 22 and April 10. The city of Morgantown has suspended utilities service disconnections.",Court,,,,5/15/20,Y,N,N,Y,N,N,N/A,N/A,N/A,Y,5/4/20,N,N,N,In Effect Y,N,N,N,N,,NA,NA,NA,NA,NA,NA,NA,NA,NA,NA,WEST VIRGINIA
332,WISCONSIN (WI) SUMMARY,Eviction Cases & Enforcement Suspended,"The Governor has prohibited the commencement of eviction actions based on failure to pay rent and foreclosure and has prohibited the sheriffs from initiating a sheriff's sale of foreclosed property or execution of eviction orders. The Supreme Court of Wisconsin has suspended in person hearings statwide and is requiring the use of technology in lieu of in person courtroom appearances. Wisconsin has directed court personnel to conduct proceedings using technology but has not cancelled or continued proceedings generally and left discrection to local courts. Some county circuit courts have postponed many types of hearings, often including eviction cases. In some locations, however, circuit courts have specified that evictions will proceed, in some cases noting that appearances should occur by telephone. There is a statutory time limit in Wisconsin for scheduling hearings after a party has raised a defense in an eviction action. (Wis. Stat. 799.206) In Wisconsi, evictions are small claims cases.",Court/Governor,,,,4/30/20 (court) 5/28/20 (governor),N,Y,Y,Y,Y,Y,Y,Y,Non-payment,N/A,N/A,N,Y,Y,N,In Effect Y,Y,N,N,,NA,NA,NA,NA,NA,NA,NA,NA,NA,NA,WISCONSIN
337,WYOMING (WY) SUMMARY,Local Discretion,"The Supreme Court of Wyoming orders that in person cases ""should"" be suspended and encourages the use of remote technology.",Court,,,,5/31/20,N,Y,N,Y,N,N,N/A,N/A,N/A,N,N/A,N,N,N,Local Discretion,N,N,N,,,NA,NA,NA,NA,NA,NA,NA,NA,NA,NA,WYOMING
341,AMERICAN SAMOA (AS) SUMMARY,No Order/Declaration,No order,No Order/ Declaration,,,,N/A,N/A,No Order/ Declaration,No Order/ Declaration,No Order/ Declaration,No Order/ Declaration,No Order/ Declaration,No Order/ Declaration,No Order/ Declaration,No Order/ Declaration,No Order/ Declaration,N/A,No Order/ Declaration,No Order/ Declaration,No Order/ Declaration,No Order/ Declaration,No Order/ Declaration,No Order/ Declaration,No Order/ Declaration,N,,NA,NA,NA,NA,NA,NA,NA,NA,NA,NA,AMERICAN SAMOA
343,DISTRICT OF COLUMBIA (DC) SUMMARY,Eviction Cases & Enforcement Suspended,"The DC Superior Court suspended landlord tenant and civil cases and stayed eviction and foreclosure cases until at least May 15. The D.C. Council passed emergency legisliation prohibiting filing and execution of evictions, foreclosures, and late fees during the time period for which the Mayor has declared a public health emergency. The legislation also prohibits utility shutoffs and requires a COVID-19 hardship alert on any consumer report. If a property has 5 or more units, property owners must offer tenants a payment plan program for past due rent and cannot report any tenant participating in the program to collections.",Court/Legislation,,,,5/1/20 (court) 90 days from enactment (legislation),Y,N,Y,Y,N,Y,N,N,N/A,N,5/15/20,N,N,Y,Y,Y,Y,Y,N,,NA,NA,NA,NA,NA,NA,NA,NA,NA,NA,DISTRICT OF COLUMBIA
350,FEDERATED STATES OF MICRONESIA (FM) SUMMARY,No Order/Declaration,"The FSM National Judiciary issued an order tolling deadlines expiring between 4/3 and 4/30 until 5/22, and encouraging courts to come up with plans to continue essential functions. The order allows civil proceedings to be held remotely upon request but does not suspend nonessential proceedings.",Court,,4/3/20,4/3/20,open,N,Y,N,Y,N,N,N/A,N/A,N/A,Y,filing deadlines from 4/3--4/30 are tolled to 5/22,N,N,N,N,N,N,N,N,Tolls deadlines; allows remote proceedings upon request. Nothing is suspended but order requests that courts plan for an outbreak/how to continue essential functions,NA,NA,NA,NA,NA,NA,NA,NA,NA,NA,FEDERATED STATES OF MICRONESIA
352,GUAM (GU) SUMMARY,Eviction Cases & Enforcement Suspended,"The Supreme Court of Guam has suspended all civil cases through 6/5/20. The Governor of Guam issued an emergency declaration prohibiting the initiation of any eviction or foreclosure actions involving real estate or property, whether rental or otherwise and tolled eviction and foreclosure actions currently in process for the duration of the public health emergency. The order does not clearly halt execution of past orders of eviction.",Court/Governor,,,,6/5/20 (court) end of public health emergency (governor),N,N,Y,Y,Y,Y,N,N,N/A,Y,6/5/20 (court) duration of public health emergency (governor),N,N,Y,Y,Y,Y,N,N,,NA,NA,NA,NA,NA,NA,NA,NA,NA,NA,GUAM
358,MARSHALL ISLANDS (MH) SUMMARY,No Order/Declaration,No Order,No Order/ Declaration,N/A,,,N/A,N/A,No Order/ Declaration,No Order/ Declaration,No Order/ Declaration,No Order/ Declaration,No Order/ Declaration,No Order/ Declaration,No Order/ Declaration,No Order/ Declaration,No Order/ Declaration,,No Order/ Declaration,No Order/ Declaration,No Order/ Declaration,No Order/ Declaration,No Order/ Declaration,No Order/ Declaration,No Order/ Declaration,N,,NA,NA,NA,NA,NA,NA,NA,NA,NA,NA,MARSHALL ISLANDS
360,NORTHERN MARIANA ISLANDS (MP) SUMMARY,Civil Cases Suspended,"All civil trials are suspended and will be resecheduled after June 5. This should include evictions, although the order does not mention them explicitly.",Court,,4/1/20,4/4/20,6/5/20,N,N,N,Y,N,N,N/A,N/A,N/A,N,,N,N,N,In Effect Y,N,N,N,N,All civil trials/hearings postponed to date after 6/5,NA,NA,NA,NA,NA,NA,NA,NA,NA,NA,NORTHERN MARIANA ISLANDS
362,PALAU (PW) SUMMARY,Civil Cases Suspended,"The Supreme Court of the Republic of Palau suspended normal court operations, including in person hearings and proceedings with limited exceptions (non-housing related) and tolled the filing dates until 4/17/20.",Court,,,,4/17/20,N,N,N,Y,N,N,N/A,N/A,N/A,Y,4/17/20,N,N,N,In Effect Y,N,N,N,N,,NA,NA,NA,NA,NA,NA,NA,NA,NA,NA,PALAU
364,PUERTO RICO (PR) SUMMARY,Civil Cases Suspended,"The United States District Court of Puerto Rico suspended all civil cases and stayed all eviction proceedings in foreclosure cases, citing the eviction moratorium issued by the U.S. Department of Housing and Urban Development and Federal Housing Finance Agency. The Court also denied all motions filed and pending judicial action in those foreclosure cases, which can be refiled on 5/30/20. Utility disconnections have been suspended.",Court,,,,5/4/20 (civil) 5/30/20 (foreclosure),N,N,N,Y,N,Y,N/A,N/A,Post-Foreclosure Eviction,N,N/A,N,N,N,In Effect Y,N,N,N,N,,NA,NA,NA,NA,NA,NA,NA,NA,NA,NA,PUERTO RICO
369,VIRGIN ISLANDS (VI) SUMMARY,Eviction Cases & Enforcement Suspended,The Supreme Court of the Virgin Islands stayed all orders of eviction and foreclosure until 6/1/20. Filings are essential service and will continue to be allowed.,Court,,,,6/1/20,N,N,Y,Y,N,Y,N/A,N,N/A,Y,the longer of 6/1/20 or 14 days,N,N,N,In Effect Y,Y,N,N,N,,NA,NA,NA,NA,NA,NA,NA,NA,NA,NA,VIRGIN ISLANDS
